clean_text,target
book is restocked and able to be shipped from amazoncom barnes and noblecom and greenwoodcom back in action,1
you lucky lucky man i would kill to listen to the shins live o i just bought all their albums off zune marketplace,1
i thank and because they brought me and closer,1
is optimus prime going to die,0
someone wrote on amazon that my werewolfstory in the quotgaylstequot anthology is one of her favorites yay,1
spot down to goheaded to camp creek marketplace court and iwanna go swimming,0
have you heard about charice please buy her new debut single quotnote to godquot available in itunesamazonyoull be amazed,1
no more primeval how many itv shows has an international fanbase,0
dunno just amazoncom p but i have free shipping because i ordered enough,1
hey there is another primeval fansite on twitter go add them,1
just posted my first blog about primersim very excited check it out and tell me what you think,1
todays breakdown church primeval season finale south park movie new moon trailer walk with anthony perfect life,1
mr major do you know if the marketplace is down i cant seem to access anything,0
downloaded the amazon kindle appfor iphone a while back just now tooling with it it actually quite snazzy,1
just printed my mom an amazon gift card for happy mothers day talk about last minute,1
damn i missed the miss usa pangent thats a prime opportunity to bash on pagent prisses boo,0
and i wished it was a meteorite we need a superman or a batman or something like for real having optimus prime around aint too bad,0
gladly would were i on you side of the the pond thanks,1
why cant i find commander rexs twitter profile,0
is watching primeval toight coz i didnt watch it last week thank god it is repeating it and its the last episode thats not good,0
so excited for my amazon order all seasons of arrested development audrey hepburn movies and eternal sunshine of the spotless mind,1
she has been quotprimedquot for to win i think all the media coverage is ridiculous,0
heading out to borders i was going to buy scott pilgrim but theyre all out oh well theres always amazon,0
my books have arrived from amazon only took weeks instead of weeks lots of reading to do,1
aaaarrrrggghhh trip to florence was prime filming time for hereinphoenixcom video blogalas my camera battery was dead,0
magic the gathering duels of the planeswalkers looks tight too bad xbl marketplace is having problems cant download it,0
quotmore people follow cnn on twitter than those who watch cnn during primetime hoursquot egy reuter hr szerint,1
why are all the primeval videos spanish on youtube,0
but i didnt i couldnt stand to miss those smoky mountain marketplace meetings that i love so much there is even one tomorrow,0
oh dear ive just ordered it from your linkdamn amazon for making buying so easy cant wait for it to arrive though,1
brunch with my son would be better but amazon gift certificates are nice,1
but im still boycotting amazon,0
lynneebee i had a mean mom that never let me go to concerts so i missed all the great s bands in their prime,0
really hanging c dhouse have wait amazon cos dont get it on tv in oz,0
lots of busy work today but downloading an amazing number of free mps from amazoncom some of it is pretty good,1
watching primeval my second fav scifi show,1
jon have you quit twitter,0
wtf advertising gone mad they want access to my camera and microphone what for amazon should really know better,0
was just a lil premature for primetime,0
amazoncom get big fast by robert spector,1
thank you so much for your incredibly generous donation to pet tender angels this is much appreciated by our dogs,1
just printed my mom an amazon gift card for happy mothers day talk about last minute,1
thanks,1
thanks to all those ppl who buy amazon books at my site im now using my fees to buy book to read on plane,1
wow pro v exciting best of luck were doing crave by sarah kane really looking forward to it,1
toodles twitter friends off the sleep how do the mtv movie awards get away with that language during prime time i had to block my mom,1
helping mom playing prime suspect wish that my brothers here,0
just finished grilling ribeyes much better than the ones and i had at ny prime last night but they cost more too,1
dammit amazon what do you mean the red canon powershot sxis is not in stock yet i hate waiting for toysst palm pre now canon,0
just woken up and have been commanded to study which usually id agree with but ofs sooo sunny outside i feel a thunderstorm later,0
just ordered another batch of books from amazon why not when exch rate is back around c also wider range of titles than local stores,1
yeah ive won codes worth each from chip which i can use to purchase goods from amazon,1
just looked on amazon it said s album wont be arriving until june th sobs,0
beware of the furminator my human bought one at a pet store for than saw the same thing on amazon for and freeship buy amazon,0
amazoncouk customer service is great within certain parameters move out of those and youre in trouble,0
online shopping honey amazoncom is usually where i get tinkyada,1
i cried when optimus prime died,0
watching lenos last show i dont want leno to go to primetime,0
dying just a little came back from busch gardens and it felt like walking through the amazon with a parka on sobbbbb,0
tottie ive just bought a used copy form amazon,1
amazoncom has second previews,1
the song admiral and commander from the rd season soundtrack of bsg is wicked sad but so awesomei miss that show,0
just about to watch some series primeval episodes on dvd to remember what it was like at the start i wish cutter hadt died,0
sickheaded to primecare,0
in the house wit a tummy ache and mad n emotional,0
show not tell tell a good story basically or more appropriately quotdemonstrate key selection criteria using examplesquot,1
i loveeeeeeeee meeeeeeeeeeee,1
glad to have passed on the love,1
i dont know the prices in pound sterling there are two sizes the cheapest is around us dollar check amazoncouk,1
sorry about that its early in the morning and im really tired from a very long day i have had,1
yay proud owner of the album should have been patient and ordered hard copy but bought it off amazon instead love it,1
exactly prime minister doesnt need take care this issue,1
a primer do you mean as in quotpriming the pumpquot or a base coat when painting something,1
my quotthe wirequot boxset has just arrived from amazon,1
i just received that from amazon so no longer can be one of their associates ugggh wtg nc,0
amazon sez the uk release date for im going away is the th of august no fair,0
ugh my mouse is all sorts of messed up i cant find an mx in sc and they want bucks more than amazon for an mx revolution,0
no sob sob sniff sob stuck at computer all day trying to revamp my photography website didnt manage it double fail,0
is so exhusted from dancin the bachata love it but ankle pain pain,0
its events like that that make me wish i werent such prime skeeter eatin,0
couldnt superboy prime punch a wall and make it friday,0
wtf primeval is officially canned oh deari worry for tw now,0
ecommerce in a nutshell attract convert retain,1
watching something about dinosaurs remembers me of the primevalless weekend,0
ahhh okay there are loadsa cheapish ones on amazon atm that are good quality,1
lol im quite happy with my men thanks very much russell brand is much better looking for example i went thereeee,1
you should check out the song clips on amazon of lvamptt,1
not guilt hangover,0
we say goodbye to steffi from our german amazon team today,0
did you hear that naslund retired im still upset keith primeau retired in cause i never got to see him play,0
la candy i want a signet book la is so far where can i get a in germany i orders one by amazon w,0
parabns o primeiro bbe twitter portugus,1
did you ever finish pill pushers your thoughts review on amazon,1
sweetnothing will ever beat the transformers battle scene between opt prime and megatron that made me cry,0
browsing amazon for a new slice toaster not many good products available too bad my bosch gave up yesterday,0
when did amazon stop discounting xbox live subscriptions,0
sorry to hear about your chicken hope shes feeling better soon just interested re ecommerce sw as revamping own shop,0
i got up about ten minutes too late to get dad to purchase the album off amazon ive got to wait most of the day now,0
woo all career races done over gs for that bad boy acumalative got the challenges to do tonight,1
billbob says i received my amazon gc todayim on my wii so i cant post up a pic,0
love em youve got great taste,1
just watched uma thurmans movie quotprimequot the ending was great,1
amazon uk said july th for the mp dl but the entire entry has disappeared play uk has the physical cd listed as,0
need to do revision but cba oh well ill just do awfully damn no primeval so i have nothing to watch,0
dont say that,0
mr acey is there anything wrong with xbl marketplace i cant access anything,0
listing my books on amazon the semesters finally over,1
tsk i just hoose the amazon reviewer who is the most sycophantic not enough gush and its clearly not worth buying,1
just watched episode x of primeval omgwtfbbq am not sure i want to watch the rest of the season now,0
found some very nice ones but i discovered how extensive amazons jewelery section isi cant even afford the earrings that i want,0
thanks not sure how amazon got in there youd think i was advertising,1
is it from a prime shipper then so could i,1
will be finished with my book today books from amazon better be here today last percy jackson then starting sookie stackhouse,0
youre killing me,0
just watched transformers a while ago optimus prime,0
quotmanaging online forumsquot is just review away from on amazoncom thanks everyone who has reviewed it,1
the office on dvd may be sitting on my front porch right now in an amazon box too dark to check,0
actually now that i read the amazon description it doesnt sound so interesting,1
so im guessing the anniversary wont be held on vulcan and optimus prime wont entertain the kids with balloon animals,0
amazon has them i know you order books from amazon so try these hehe,1
about to watch primeval and eating yogurts work at pm am very tired,0
the green day album arrived today ty amazon for sending it early yay,1
new primeval episode rocked last night although its strange not seeing stephen,0
optimism is prime,1
first l prime so im pretty jazzed,1
wow great shopping trip enjoy the music never used amazonmpstore before now i need to do so d heffa great day,1
amazon ec has load balancing right after i signed the contract for servepath amp gogrid,0
last is purley for bringing me news of the zune hd fingers crossed there coming to uk with the marketplace,1
you should do a silverlight prism primer at sddn,1
thinks transformers especially optimus prime is the shtand is also sick,0
fucking dropped spots on technoraticom sad panda,0
german amazon is insane i wanted to buy jon mclaughlins album but it would cost me umm thats a little too much,0
good books good prices check em out thank you,1
i know yoga at pm today i seriously miss my amazon,0
come to codegardencom four ways to do ecommerce with umbraco will be presented at day a massive research time saver,1
anyone know how to order resticted stuff on amazon to australia it wont ship me games a book and a windows home server,0
not too bad is it,1
is th top dance amp electronic album on amazonmp but whats even better is its above stupid dizzee rascal amp ndubz win,1
amazon tells me that watchmen dvdbluray is now available for preorder omg finally,1
lol i was way up on the nd floor lifiting weights need to lose dog amp me had goal to lose by jul he did it not me,0
eb players guide out today my amazon order hasnt left the warehouse yet friday at earliest,0
no way tamara that is wonderful about your book i will pop over to amazon to see it right now,1
nope not bad gd points bad points just look at it on amazon,1
theyre writing about me,1
yes am well am working from home so that is really good no hours of travelling for me today lol hope head gets better,1
mexitan sunblock arrived in the mail just ordered my beach reading from amazon vacation cant come soon enough,1
intypecommander v done back to animation,0
the white witch of spiton buy your copy at amazoncouk for bargain,1
just ordered the old school way amazoncom i like cds sue me,1
lol thank you,1
on staycation reminiscing about uni once got a lecturer to autograph a popular textbook then resold it on amazon for x the price,1
is so exhusted from dancin the bachata love it but ankle pain pain,1
quotyour amazoncom order has shippedquot,1
i haz sad itv is canceling primeval,0
i got aventuras new album luv it lt k bachataso coo i wanna go to dr,0
good to know,1
ah youre going in prime black fly season will you going to algonquin or even further north,1
hey travou tudo show live gt,0
i cant download vs would this be related to the marketplace issues,0
it is weird to hear a man say it but its sweet espaol es mi primer lenguaje y me gusta hablar ingls d,1
yes the prime times piano was very funny i will always laugh when i think of that had lotta fun with yall today,1
thanks for the mention,1
thanks still wish amazon would you know add all the books,1
i see aion is on amazoncom with a sept st release date crosses fingers,1
dad commandeered the tv,0
my feet were almost in the cd rack i was so far in i couldnt find the first one though but thats what amazon is for,0
oh well thats not so bad older then what i wouldve guested but still in your prime haha im the offspring of sad i know,1
ah yes imdb says might pick it up from amazon thanks for the tip,1
primeval getting cancelled nooo telly is getting more shit these days,0
happy mothers day havent got mom a present yet print off an amazon gift card for her,1
woo i get to go see night in the museum tonight im so happy omg optimus prime is such a loser why does he have to be a big fat truckgt,1
haha quantum physics wth is that yes primeminister delta i stayed up late reading gossipgirl s youknowyouloveme lt,1
i know about that one thats how i got my entire library via amazon,0
you need to book into da vincis better briefing workshop,1
i seldom get to watch televisioni cant even name one primetime show,0
you mean you dont believe in the awesomeness of optimus prime,1
sorry i did not view your answering i dont know the film amazon vote stars sounds good so i am hungry see you bye,1
smoked prime rib working,0
rub it in why dont you i shall have my own leader prime soon though even if it means punching out a child in tru,0
according to amazoncouk i have to wait until nov for the wii version,0
is excited that amazon is shipping my kindle dx woo hoooo,1
well in the past hours i have had about hours sleep so i think i am primed for a big last week,1
why are you suddenly not following anyone anymore am i late to realizing this as well,0
just ordered merles door from amazon thnks for recommendation,1
ur the best love u,1
just ordered new books on amazon yayyy treating myself for once,1
happy mothers day havent got mom a present yet print off an amazon gift card for her,1
laptop is still dead exam week must study missing important emails being computerless too wanna watch primeval finale,0
no way i really enjoy watching primeval,0
no no name of sls old prime minister ring a bell,1
the prime minister appears to be unable to answer the questions put to him s,0
i just dont understand,0
sometimes i try to confuse my microwave by putting instead of it doesnt work via,0
at tempe marketplace waiting to see star trek,1
first frank lloyd wright legos and now indiana jones im but somewhat tempted oh my gosh i hope i start working soon,1
fuck you i spit chocolate milk everywhere from the theres more than one way to abort a baby thing,0
plenty of good trivia on wikihow just trying to help hope u got to sleep by now,1
prime reason they need to retest older drivers,0
who said million people can be wrong itv thats who primeval cancelled,0
i need to start this assignment on ecommerce today or else,0
elac student k back to sleep gnight,1
gah just realized that i totally forgot to get my picture taken with bumblebee or prime or the new and improved robot fist,0
for just a month you can add up to movies at a time to netflix instant cue and view on tivo instantly amazon charges a movie,0
ive still got a few bits to go on lego star wars,0
morning tweeple been up for ages already want to play infamous but tv has been commandeered by my daughter for early handy manny amp such,0
yeah you totally are,0
can you follow me too your classified ads service,0
alcohol good for you,1
i keep missing out on good deals ps in wh smith amp p albums on amazon couk,0
still no sign of my graffiti soul copy from amazonde but had a look at a shop earlierlots of copies there,0
got lvatt yesturday the day it came out i preordered it on amazon d,1
my dungeon tiles arrived from amazon earlier this week already ripped open and mere cardboard now,1
i heard amazon downloads is pretty good,1
i cant believe primeval series is over oooooh not fair il miss u dinosaurs,0
is eating prime rib and crabs legs for breakfastim eating crepes and fruit,1
bahhjust finished seeing up and having a burger becks prime realized that im late getting my tux back to the rental place fee,0
rufus spoof note the flamboyance,1
final tonight show with jay leno extremely sad but excited for his new primetime show in the fall,1
back to brussels with inovaprimes on the plane next week its a week vacations,1
just read this about the amazon kindle drm i dont think ill be rushing to buy one now when it launches in uk,0
thanks i almost push the button to buy it on amazonlol do you watch the show er u are about to be off sorry to bother u,1
hi gurgaon ppl i need to buy and ship a laptop to gurgaon any site you can recommend amazon doesnt do intl shipping sadly,0
airwillson got the flu prime example of vulnerability,0
i got the camera primed just in time for him to fly away story of my life,1
just found the same item on amazon but from a different vendor for less than i paid and my order is too far along to be cancelled,0
lately i feel a little bit guilty for buying something that is not necessary to keep me breathing just ordered books from amazon,0
wow amazon are selling the ps bundled with infamous cheaper than they are selling it for on its own why i still couldnt afford one,0
lucky you its hard to remember what the sun and clear skies even look like in nyc nowadays,0
yes moving to a much smaller place possibly temporarily just reducing stuff reducing expenses amazons are not pleased,1
i buy one survivalist book on amazon and all they want to sell me are knives and mres,0
jajajaja lizzie mcguiree i miss that show so muchh,0
just nearly died laughing at this quotthere isnt any windquot its on amazon used though,0
damnit i made a folder in amazon s named quotquot unable to remove bucket or anything in there now,0
i hope amazon bring their ebook range to stanza but keep feedbooks cant see them keeping it though,0
grocery shopping at amazonoverkill,1
ah what a shame i already sold quottheres a subprime crisis in my pantsquot to,0
just spent too much money on amazondamn gotta stop shopping,0
no still sitting prime says theyre short on loads hopefully soon,1
my amazon order has shipped i love goodies,1
glad you liked see the announcement about avatar awards ingame and an avatar marketplace thats my team,1
i think could organized their api developer section so it is easier to find how to do things,1
did it feel good,1
amazon doesnt carry any peter sarsguards sars guards,0
quotindeed we no longer show amazon ads thanks for noticing quot,1
not anymorebut ive been known to do that in my prime,1
feel free to rate key ring and leave a comment in android marketplace you can be the first one to rate it,1
everything is better with lightsabers,1
everyone left me its me and jewb in there now and were just talking about knuckle herpes and star wars,0
shot down in the prime of life may he rest in peace,0
no one wants to hire me in the marketplace farm town,0
thank you survey people for my amazon vouchers,1
got bitten by amazons eventual consistency bought kindle books for the upcoming trip cant download of them,0
postsecret retweeted my picture comment quotamazon is my crackquot and i missed it because my computer has been broken boooo,0
come tonight to the glamazons shows at the shift from pm,1
my kids cant believe there isnt going to be another series how can you just leave danny wobbling about on his own,0
so glad you enjoyed the gps sources tell me the leftbehind chips amp salsa were delicious,1
thanks we have the course in miracles but i dont think we have quotthe urantia bookquot ill amazon it,1
going to a birthday party todayi am addicted to the lvamptt amazon previews june th needs to come now,1
dear lord i think im living in the s history taught us fuck all hasnt it prime minster cameron looks inevitable now,0
no fuck that dont like lesbians,0
have to wait another week until final episode of primeval series is shown thank you so much itv amp bgt,0
my head is hurting my throat is sore i cant hear the day leak the day album on amazon is fucing expensive i have homework,0
lol thatll teach me to blindly trust amazon search results without reading,0
i just love panic swoon,1
and it would be avoided at all costs on prime time here,0
great deal on red faction but once again us canadians get screwed full price on amazonca,0
i have to say that i understand why dr phil has a tv show and he gets paid what he does im not ready for prime time yet,1
its a joy to watch aint it its federer playing like he was in his prime,1
same feelings with optimus prime,0
amazon has shipped ur book today europe under supplied or theyre just not curious enough selfreinforcing cycle,1
when i ordered books off amazon on tuesday i figured at least one of them would make it here by the weekend pout,0
a cuutteeeeeeeeeeeee i have a black cat her name is betty whooa black betty xd,1
forgot an ec machine running for days and got a bill amazon teaches you to get organized for a fair price,1
just bought bones seasons amp on dvd thanks amazon gold box deal of the day,1
ahh i was really getting into primeval,0
afternoon i mean err morning,1
high free meal prime quarter tonight yummmm thank you media club lowdont have one,1
buy my book instead hdr workshop available on amazon by pete carr and robert correll its less tech more real world,1
wondering why i cant order the emf book second edition on amazonde hmm,0
case mod progress stalled till i get better then ill do the primer coat on the completed case ut not for a week,0
sea lab was a good show only seasons though,0
no not yet have emailed amazon today though ive been a bit tied up with this virus i got gone now though,0
gets tissues out bye bye primeval,0
primer mission successful tomorrowi might work up the nerve to paint it,1
though the new star trek film was a joy to watch really enjoyed it even if it was a bit swallows and amazons in parts,1
found a quotlatitude launcherquot for rooted on the marketplace this am it works perfectly,1
according to amazon the illuminations ep is getting a cd release is this true,1
you cant go all days to choose youve got billy on fri kellan and ashley frisat mike on sat and jackson on sun,0
perdio el primer set,0
yay razorlight i wanna read peter jones autobiography it should come from amazon soon,1
you can find the soundtrack on itunes borders and amazon,1
im commandeering your bike it is now my bike thanks for the bike,1
just ate a prime rib dinner fo free thanks to her wonderful uncle,1
i dug through my toberecycled pile my amazon receipt only to find its been day since i got my i cant exchange the dx,0
you sound sooooo down lately best wishes,0
that is a completely different rant because i can remember when it used to actually be a convention about comicbooks,0
its a tough cut i have an amazong stylist i actually brought it up even shorter after my triple word score set,1
just bought my stuff for the busy festival season man tent sleeping bag and rucksack for ty amazon all got gd reviews also,1
oh i understand now i think i might get it off of amazon its only for green days new album,1
i wish a very happy mothers day to ur mom i hope u guys come soon to argentina,1
walang kachat naghihintay mag online ang kachat,1
reading how itv may have canceled primeval,0
haciendo mi primer app con thin rack some crazy stuff,1
when amazon fails at shipping orders together they really fail birthday present pt eta between june july,0
im feeling mixed emotions just now happy that im off work tomoz but sad that primeval has officially been axed boooo to itv,0
just preordered your book from amazon germany,1
rub it in why dont you amazon should open a south africanafrican division its not fair,0
good grief britains got talent has bumped primeval off the tv schedules what a travesty,0
i just bought my copy on amazon bought my wife party girl for a gift and she loved it got her bought for her birthday,1
sleepy time hope the code i won for wallace amp gromit works tomorrow either marketplace issues or not a valid code,0
watching the primeval finale,1
carisbrook castle on the isle of wight,1
i just drank this amazonian water i will make a seconds video drinking me second dose its a cleanser im cleansing,1
get the external charger too so u can charge the nd battery without using ur phone i got them all from amazoncom,1
ive missed you moreeee duh but im only online until my mom commanders her computer back again,0
didnt get pie the antiques marketplace was closed before we got there epic day out with mummy was not so epic goes to bed early,0
i believe in you sir also your poster made it to my home safe and sound will get a shipping estimate when i can,1
yes he is chekov sorry that took awhile and hes in terminator salvation but i first fell for him in charlie bartlett,1
buying some cheap books off amazon,1
bought a l primero north face pack not on sale ouch i really wanted a gregory jade osprey xenon but they didnt fit right,0
me too surprised theyre making one but really glad they are the very first episode was awesome and i was hooked from then on,1
i love my iphone i just placed an amazon order while i was on the loo perfect and its a nice sunny morning too,1
going to the prime outletswith no money,0
these are two of my favorite books ever forgive links via my amazon store,1
oh fuck my amazon orders came to itd only be about but that fucking vat ordered some good stuff though y,0
thank you for the offer i appreciate it mortgage companies suck,0
watched prime amp now watching the breakup movies all day looonngg,1
our time in miami is almost over din prime one tonightso good my friends are the best we just get each other u know,0
did it let you get it it was saying the marketplace was still down for me at least,0
i miss that no place like that where i am in staten island did u c the tweet about u sweet,0
accessorize your algorithm amazon,1
i hate it when people suddenly show up to commandeer your room and you have to sleep somewhere else im already in sleep mode damnit,0
oh wotachat that was delightful lets do it again soon and now i sleep and dream of the impossible,1
hmm coheeds quotsecond stage turbine bladequot on amazon for this week very tempting,1
trying to sift through the books i chose on amazon to filter out the ones i dont really need urgently,0
oh yay im so happy been waiting to use my amazon gift card for quotin good handsquot this just made my day,1
and i hope youre baby bunny gets better poor thing,0
everyone should know that just beat my ass at checkers,0
ew i cant believe youre following rpattinson too smith ross,1
just preordered sims and milk i just love my creditcard and amazon saves me a lot of money especially with the pounddevaluation,1
where is this i looked on amazon and didnt find anything,0
thinking about buying this book its great and totally outside the box too bad amazon doesnt sell it,0
i just discovered that alex day nerimon put my amazon screenshot in his diary entry nice note to end the day on,1
i am there with you i have books coming out of my ears but still purchase books on amazon or at the ebook store,0
coffee with prime gal pal cherryguybashing or baka naman guygushing kami mamya,1
ive seen something like that the gigaball and zorbs check amazon,1
hehe thanks man i might need to go ahead and buy some of the midnight tixi need my optimus prime fix,1
come on down to anytime man just like i said we gots your back,1
i havent read quotmindless eatingquot so i went back and ordered it too i need to block myself from amazon,1
aww ive just heard that itv have cancelled primeval,0
hello hows u feeling today,1
come on regina pick up your game yeah this is made for prime time tv,0
the ups man hours late compared to his usual drop off of course bc i am waiting for my stuff amazon didnt come today either,0
amazon rules so do you,1
watching lenos last show so glad hes sticking around for primetime ill still have a chance to meet him,1
proper proper funny kickstart my heart and panama as encores went to after party but had to leave before they arrived,0
that is possibly one of the most revolting things i have seen this year,0
bored of the mp expenses row now joanna lumley for prime minister,1
th tweet goes to cause theyre amazing like that,1
tweeting for i set up on a trackle to track canon cameras on amazon,1
lol indeed just dont let it happen again,1
ha no tuesday is a person a tatooist who im secretly in love with well not so secretly actually,1
lyrical amolab live on stage aug th the goodness new video out now,1
amazon have got paperback in stock too for free pampp,1
road trip im in here we come,1
omg primeval hasnt really been cancelled has it its one of my favourite shows,0
i love going to vegas with no its always so much fun i cant wait to go to alize for dinner and the shopping is prime i cant wait,1
an interview done over email could work or maybe a chat if you do any of the instant messangers,0
no i really cant take my eyes off the amazon but the milfs r just a bounce i just like the woman tall amp thick niccee,1
its packed as hell but its also sat and around dinner time its prime time here hope you have fun tonight,1
people still cannot see my pic amazon s database scramble patiently waiting while people think i am lamer than i actually am,0
drinking my rd malibu bay breeze w and,1
i much prefer babylon hello you,1
pours out a for steve nash pity that phoenix is starting to become a retirement home for hall of famers past their prime,0
ordered advent children on blu amazon still not here yet,0
noooo clarks shoes have been linked to deforestation of the amazon where am i gonna get my comfyyetsemistylish shoes now,0
just got my wedding tux in the mail it looks really amazing and was only at amazon just call me kiesler max kiesler,1
i need to get on that beauty shop stuff but i really am clueless now what to write i have nuthin,0
why isnt the e marketplace content available to all regions its a bit dissapointing,0
waiting for huggies and wuggies at tirsa prime th st amp th ave,1
dream cosplay waaaaant i could easily get it taken it to fit me,0
the tori amos streaming doesnt work for my country brazil i already preordered it at amazon weeks shipment time,0
actually now would be prime time to work on my rogue but im not in the mood im in pally mode,0
no im thinking about finding a cheap copy of it on amazon,1
i am watching primeveallast in the series,0
oh plus two tripods and reflectors a backpack plus small shoulder bag would take those primes and macros if i owned them,0
that pretty much answers my question astras are great drifting cars since theyre fwd doors or doors is yours,1
now i want to watch master and commander again but our only copy is long overdue,0
i havent thanks for the offer tho i will check amazon they are usually really good for old films,1
my son is picking out new bikes on amazon wonder if my husband will take the hint,1
just ordered quotprincess protection programquot and quotjonas brothers dquot off amazon no more birthday money left,0
oh a btw os t isho clywed y samples ar amazon cer ar y mp downloads wedyn rhoi jonas brothers i fewn,1
bring on the abuse ive primed dougewhite he can take anything anyone can dish out now,1
signing up with a new site at s very subtle suggestion love you sexy amazon shedevil,1
why do i keep watching repeats of the same primeval episode omg becker is sooo cutee,1
yay for the xbox live marketplace being down no new maps for me tonight fail microsoft,0
bbc dont make primeval sweetie wrote about it when it was cancelled they are cutting costs for drama on all channels here,0
needed that thanks,1
ugh my mouse is all sorts of messed up i cant find an mx in sc and they bucks more than amazon for an mx revolution,0
true the explanation is good but honestly amp do sound fam kinda like asterix amp obelix,0
i am sad about all the talk about sims hubby said he ordered it on amazon but its back orderedno birthday present for me,0
i hope microsoft have fixed this morning last night i was having luck with it i want to play,0
i really want to watch career opportunities but amazoncom doesnt have it on video demand,0
when you getting your ink prime time to prep the skin,1
thanks for years of hosting the tonight show jay leno best wishes on your new prime time program,1
hmm work is going well not so sure my amazon stuff will arrive today now tracking feature on courier website suggest tomorrow,0
yes i tried out a recipe and it is totally prime were so making it at your sexy sixteenth hahah lt,0
scratch club primeclub eden is where its at,1
glen helen practice tomorrow hopefully we can commandeer some signsbanners and get good pics,1
complete series available for preorder at amazon us though so its a bit out of my price range,0
thanks,1
me too but i misread the amazon email they are shipping it wednesday so i am not getting it then probably another week,0
abc and sbs are broadcasting p hd win does some i prime ugh who watches prime,1
rt prince of persia at amazon now i might finally play it,1
last minute,1
my queenadreena albums have nearly finished downloading ampamp i dunno what to get off amazon this time,1
they should hook up with the prime rib festivalgood eatin,1
amazon just wrote me that i have to wait another month for quotnew moonquot to come i want to know more about edward right now am i addicted,0
i cant believe i spent all my amazon money i loved getting all sorts of stuff for free time to start earning more,0
thats whats up u have an album at amazoni will support,1
i should really have bought a prime instead of a zoom,0
btw my ill scream lateris or bampn or borders the pic is right here as bg on my home page be back later,1
have a sweet day congrats on the anniversary,1
spet hours on amazoncom looking for things i cant afford booo lmao,0
thinking of moving all my oracle playground vms to amazon ec too bad they dont support rac ok time to leave the office,0
wow just recovered a heap of files id stored using s amazon from another pile of stuff to sort out and file properly,1
just bought myself another bottle of the tarte primer,1
if only my writing wasnt so scrub,0
thanks for the help its on amazon so ill go for that,1
last episode of the tonight with jay leno good luck conan ill still be watchin leno in the fall in primetime,0
wow thats s too bad i cant buy anything off amazon from singapore,0
we are hoping to get a baby grey soon they are so wonderful it will join our amazon fischers and dog,1
i know i am considering or but i need a bit of a range for concert shots im nervous to go in with just a prime,0
certainly wish someone would write a more favorable review on amazon stars is mighty low,0
sales from cp depressing since stores removed from marketplace,0
would have been cool to see blondie live in their prime debbie harry was the hottest woman alive in my mind when i was a kid,1
even thought where part of the common wealth if i could vote for you i would madame prime minister,1
i may have also bought something from amazon that ive been wanting for ages,1
want to have my twilight dvd too some just got it today from amazon,0
ive had the eyefi card on my amazon wish list like ever would love to win one,1
as a matter of fact it is this is amazon uk this is the usa amazon,1
actually considering watching prime ministers question time for the first time should be a giggle,1
had a blast at casino royale charity event wmiss america kirsten haglundthen quick stop to hula bay amp ocean prime wfriends,1
just printed my mom an amazon gift card for happy mothers day talk about last minute,1
sdkljfsldfjeicsieufcsvikscnoasiew i had thirteen updates and i had to change that i hope prime numbers die,0
holy eeeep not to intrude on a convo but you have haunted airman amp cake eaters amazon i only saw half of ha on youtube,0
i bought a copy of the passionate programmer at amazon im excited but ive to wait weeks to it arrive to venezuela,0
i will just dream about coming over,0
i rode ish miles on my bike today i watched the last episodes of primeval season its amish im going to bed good night,1
check it out folksgood prices var titles love n light all,1
playboy fashion show and liquidrunway fashion show hahaa i hope i see famous people,1
couldnt agree more think thats what enticed me to venture into the prime route with the f,1
hello bye morning cnu mkakachat jn haha,1
i mean the legal kind like itunes or amazon on demand ie not dvd distribution,1
i need it i forgot to order it off amazon ill do that now,0
definitely the plan manana am unless i want to go to a doc in a box now thats my only option really did you watch primeval,0
itself it is founded on nonexistent money it has no attendant reality baudrillard died just as subprime was kicking in,0
i just bought books dvds off amazon on doing one up thinking of spending about k for a solid base then improve it,1
last night i hooked up my tv to the web quite pleased by amazon on demand and quite impressed with my ability to run subnets home,1
dude this is odd no basketball my days and nights are gone fox prime is all reruns baseball espn you are my only friend,0
oh no do you know if its official yet or is there still a tiny chance,0
javascript javabans style amazon api calls not possible now they need your quotsecretquot api key too so sign each request,0
made about progress in metroid prime then met an untimely game over screen,0
yes i have other things written just kinda chickened out of posting em i think dunno if theyre ready for prime time,1
not yet had to put together an ecommerce site presentation for sthing else interesting site for sure,1
i look forward to reading the deep dark secrets to be shared on amazon,1
i luv these guys rt aaron marcellus amp the will band itunes and amazoncom single quothold me downquot pleeeeease support,1
hit ghz on stock cooling vcore is prime stable for nearly hours now c both cores e e stepping,1
primeval is awesome tonight that dead guy at the beginning was gruesome though o i was going to be sick i knew it but luckily i wasnt,0
thinks my prime minister is wonderful for giving us all what a cutie,1
primes youve got another one coming up at i liked cubed,1
primetime astv rtsp stream breaking up sigh,0
must go say night night to my daughter shes reading in bed right now not a book though amazon hold on to them,0
pointsshop is a great way to get microsoft points and xbox live gold cards you earn points and buy them from amazon,1
yeay movie again transformers will be out by then i feel like optimus primeing and bumblebeeing,1
amazon delivery time,1
we wanted to bottle the primeur edition of our new zealand sauvignon blanc but one of the neck parts was too small,0
i miss you too jenny sami and i feel like were missing a prime piece in our group of love we are,0
glitched amazon order will only show on the comp it was made on,0
the young ones dont like working weekends they are prime shifts i love them,1
wait the zoo isnt that where you got from lol hes going to kill me,1
primeval cancelled why do they keep cancelling the good shows and so many crappy ones survive,0
i only have series one something i hope to remedy in the near future,0
palm pre accidental damage warranty at amazon hmm bucks lol lets see if its still up,1
just printed my mom an amazon gift card for happy mothers day talk about last minute,1
wow amazon aws does load balancing auto scaling and monitoring,1
yesh you do,1
itunes amazon and everywhere,1
to me primeval is the perfect show to watch while doing other things so i never spun thru an ep bc i am always busy,1
ah shit same amazon postman as yesterday i bet he thinks im a neet now,0
just finished sending amazon a nasty complaint via their quotrate our servicequot email they sent me i want my n for the agreed price,0
good idea hopefully since its amazon html will be allowed thanks,1
my head must have gotten bigger the optimus prime helmet doesnt fit like it used to time to adjust the straps,0
id put some decent content on it amazon books and drive traffic at it if i was you,1
wont return for a th season dnw,0
aww that makes me sad dont do that,0
well it was dry in winsford coming out of skwl literally like amazon rain and hail the bus driver also freaks me out,0
i like both but then again you arent mad at me,1
plus i dont advertise amazon s each time someone clicks a link dns cname records are great,1
hey der anzug ist weg cool,1
amazons universal wishlist feature is quite nice,1
loz got stick insects for his birthdaywe have named them optimus prime hot rod bumblebee megatron grimlock and sticky,1
one word primeval where were you i didnt see you once in the final episode it felt so unfinished,0
dammit i have to order halo odst from game gamestation amazon or play to get the sgt johnson unlock gameplay never get the love,0
i will follow if they finally decide to sell kindle outside us but if they offer it is better,1
saw that on amazon looks amazing but bloody expensive,1
tr pass it on if u ever plan to use amazoncom just use to help out charity a mustbookmark,1
the british prime minister,1
i wish someone in our breese fam was a n ecommercezencart whiz,0
ha ha i will while im here,1
we had to make up for the overly obvious stamposaurus game,1
pls check out s single note to god on itunes or amazon amp play it on the beat,1
i like books as its made of paper and ink but space problems in my room make me crave for amazon kindle,0
sadmeten propostes per la primera ginamptwitts quina idea teniu alguna activitat o simplement parlar i fer ginets participau fent reply,1
are you in bed go sleep plsplspls,0
by the way my novel if i never is now available for preorder through amazon,1
hey comeeeeea show live gt,0
sideshow sdcc crimson cobra commander sold out quick i got mine,1
nooo i had high hopes never mind ill just have to stick to primerlinerlipstickblotlipsticktiny dab of gloss,0
new titles added daily good prices check em out folks thanks,1
worse im trying to watch primeval kinda horrorsuspense series and they ruin the mood,0
scorchers says th prize brings my total of amazon gift cards to rewards,1
more people have watched john davis break up video than ordered fucking frankenstein on amazoncom come on people,0
i ordered the gospel of the flying spaghetti monster from amazon and its not here yet,0
is my favorite tweeter calvin harris for prime minister,1
actually david jamesjames bond edward anthony masen cullen montongo archuleta x yes positive,1
the boyfriends masungit already ollher is like a marketplace daw a,0
wow amazon was fast my cd is already available as a digital download check out the album here,1
with shipping he is awesome just sucks ive had him for ten minutes and he broke,0
this spinnerette record is the devil bought it on itunes and amazonde i fucking love brody dalle am still wake,1
everything is not a prime number im a great coder,0
vang has the best of friends though prime and megs never get along,0
thanx for linking me to the gapingvoidcom article amp book i was inspired and am buying it from amazon ajc,1
link s for me,0
oh rough day huh,0
i got this one at amazoncom i like it that its relatively small easy to use film is a little cheaper,1
yep and amazon but always like to as the twitter community as well,1
alas my heart has melted curse you and your socialist views of cute,0
reporte mi primer bug para project aka fedoradirectoryserver bug libslapd is not linked with lrt,1
looks like i might have been wrong all is i see amazon releasing the mods to gpl code they use not the actual kindle source,0
boo it was late i love you,0
im not sneaky amazoncouk is my godsend,1
primeval extinct thats my sisters boyf out of a job then,0
im away to order a book off amazon im back into reading,1
music downloads for p on amazon not bad i am listening to dog days are over by florence and the machine v v good,1
really status changed to quotshippedquot course this means nothing to be being an amazon orderer,0
as far as i know is a woman,1
have ordered a lacie gb rpm mbnas drive from amazon prime should be here tomorrow another job for the weekend,1
thanks wp ecommerce is very buggy think ill do the custom thing now to find the time,1
hey you should tell andy happy birthday by typing in all day happy morning,1
just purchased a sat nav on amazon now just have to wait for it to arrive,1
acrylic paint will work fine coat of primer first so it doesnt chip good luck,1
go for it most of the books should have links to buy them on amazon too,1
i want to buy a load of hack anime but amazon dont have very many of the right region coding,0
amazon kindle dx just for the uscanada,0
love it,1
free indie label sampler records at amazon you gotta be kidding me,1
also people following me that are into primeval its been cancelled,0
someone tell me how whatshisname died on primeval d missed it gutted now,0
i dont know if you have heard it yet but primeval was canned by itv,0
damn you amazon uk i will resist to listen till what a bummer though bound to happen blame it on the brits,0
change of plansgtclubbin up in prime,1
book now amp savesummer the amazones village suitescretegreece the best place to be,1
dunno if amazon do gift cards for smack ill take a day off soon to stay up all night and skype you guys been too long,0
tanner but not as dark as i wanted shouldbnt have ate lunch pm that was prime tanning hrs,0
woot got it halfway there now towards another amazon giftcard,1
hi guys i am still reeling over the news of primeval being cancelled,0
im sleepyboos and won that amazon giftcard thing,1
congrats scott looking forward to the book just waiting for amazon to ship once its avail,1
hehe have a nice day in amazonwe want giovanna in so paulo,0
lol tb i have like gb ffs,1
dont know about fancy its what amazon calls the glass pot that comes with the coffee maker maybe so they can charge more,1
parade wednesday la office prime viewing,1
hi i am a new follower and i am gutted this has finished great to be here with you guys though,0
aww i have been poorly too hence why i am working now and not on friday when i should have been x x,0
sat reading it qat borders ystrdy amp loled so many times that hubs offered to buy me a present went on amazon,1
just ordered this camara at amazon too bad it isnt for me,0
rofl disney is a personal favourite im crying inside that he didnt invite me,0
that must be infuriating and it doesnt sound like amazon are being very helpful i hope they find your reviews,0
trouble with other companies is theyll take one look at the special effects budget and put on two reality tv show instead,0
just printed my mom an amazon gift card for happy mothers day talk about last minute,1
nope they dont sell that one anymore i might be biased but i think a is really the way to go these days,1
my back hurts a lot too but that was because i was hit by a bus whats up with your back,0
ooo now that would be sweet its on the marketplacenow,1
listening to a bit of carrie underwood on dianachat im actually dying for a crayon now,1
so now im sitting at tempe marketplace with alejandraband gilbert amp theyre not talking about me just tweeting stuff about me,0
sweeeeet picture if only i could see his face haha sweet sunnies thoi want them,1
maybe out prime minister asshole ordered an underground atombomb experiment,0
hey i told you ide bug u about it,1
and andy too that new studio looks boss,1
primeval weve heard that its definitely been cancelled,0
right i reckon its gotta be an amazon or play purchase for mp tracks of this kiss gutted no ones selling athe cd,0
no actually i was trying to see leonard nemoy naked in a bathtub spock prime is one gqmofo,1
portable cd player decided to give up the ghost just days before our holiday frantic search on amazon last night for replacement,1
red symonds for prime minister,1
quotdavid your amazon order for the whuffie factor will arrive april quot,1
hmm the amazon links wont work for me and i have to pay for the itunes ones thanks anyways,0
calling all android users please go try voxel fun in the marketplace my friend released it at the weekend amp is looking for feedback,1
sorry i thought it just usual hate also u missed a prime opportunity to say i shit you not,0
just printed my mom an amazon gift card for happy mothers day talk about last minute,1
shooting prime have mm mm mm and mm love my mm but its not fast enough for live stuff,0
amazon provides auto scaling and load balancing services o going to check them out,1
i cannot believe it has been cancelled no more jasondanny,0
yes in korea with amazon gift card usb download and dual idz can use it without any trouble,1
just learnt that itv are alledgedly not going to make any more episodes of primeval my son will be devastated,0
wooohooo amazon lowering mp prices fuck you itunes,1
the mail lady has been redeemed house of many ways was waiting for me all wrapped up in its amazoncom envelope,1
tsg is back to on amazon in case you were waiting,1
waiting for my primer to dry so i can fire up the kiln again today,1
has finally got an update for twitterific its been crashed for days anyway im back and the glass is half full bought a prime lens,1
cool we are top of the list in amazon solutions catalog with the sort by best ratings thanks for the reviews,1
just scribed to the prime minister of canadas email list this way i can keep in touch with him,1
today im really amazed scared by how many basic errors i find on ecommerce websites wrong error messages no loading icons etc,0
shopping amazoncom for something awesome because i have a gift card yay so many choices,1
help me get followers nite dday andrew marr goodnight jayz twilight sims palm pre star trek drag me to hell pushing subprime,1
my mother has commandeered the remote so were no longer watching the sound of music,0
sighhouse of prime rib memories of better days right around the corner on washington a picture for me for old times enjoy,0
its mega swag bucks day win up to enough for an amazon gift card i save for amazon cards,1
happy mothers day havent got mom a present yet print off an amazon gift card for her,1
i think you can buy extra hours from amazon dont quote me on that though good luck with everything,1
whoever is listening yes id like michael palins quotdiariesquot book for my birthday read a piece of it on amazoncom,1
ouch having repaved a lot as it turns out recently i have the fear of exactly that every time yet i do it tired too,0
nobody knows me deprime tanto quanto who knew,0
really i think they marketed wii music more than they marketed metroid prime that makes me a sad panda,0
yeah right,1
found out this morning that because im in nc i can no longer be an amazon associate,0
i hope someone dose becase itv have axed it,0
i dunno how to do the tiny link but look up wubbanub in google or amazon penguin is my fav,1
pc i agree we have a problem we must stop spending and only work,0
kung fu zombie king of the zombies both available on amazon no x or y,0
bftv available on itunes or amazon mp at all no cd drive on my netbook,0
received new books from amazoncom about design patterns for my fellow,1
that may be but i was digging primeval,0
i heart optimus prime,1
no we are going w the weekend much do dday i told my kids im optimus prime so i hope he lives through the whole movie,0
this validates that you were mistaken in buying music from them in the first place i did too will you buy from amazon,0
thanks for the recommendations will check amazon later amazing that there are other quotcrazyquot people like moi out there,1
it is still primer its going over paneling so i have to paint all the cracks with a brush amp then go over it with the roller,0
why did noone tell me about the p albums on amazon doesnt matter that they were mainly crap its the principle,0
i jus did the same i got a curve from amazon,1
just ordered slumdog millionaire on amazon they should use paypal,0
forgot to mention that the shiny toy guns cover of major tom was free on amazon a couple of days ago its back up to,0
wants to watch primeval but can somehow never find the right time,0
thats no problem for me but i just want the sharpest lens the rest of my kit will be primes anyway,1
quotdavid your amazon order for the whuffie factor will arrive april quot,1
reblip this bring back many memories,1
choices if u get a flat tire r u going to flatten the other three or fix the one amp get back on the road its a lifestyle,1
neue alben von taking back sunday und placebo grad eben kam amazon yeah,1
good to here about you youve been missed,0
i cant find the song journey to the center of the eart by von iva and zooey deschanel not even on youtube or itunes or amazon,0
i actually managed to not watch the primeval finale before its on tv woo now just gotta make sure dinners finished in time tonight,1
how come i cant find the hellcat trade on amazon,0
hey tavadooooooo show live gt,0
our ecommerce tool will be launched soon so you can sell mps videos cds etc on your profile cool eh,1
is very excited to finally read quotmaster and commanderquot hope if fills the hornblower size gap in my life,0
bought nokia e from rd party trader on amazon uk phone turned up quick but only on fault its a copyfake,0
loli knew bout the amazon thing thats how u got ur jordan love song cd,1
haha i meant i found your plea for someone to make breakfast for the girl who made your drunken self a grilled cheese,1
went to borders to get s new book quotla candyquot but they didnt have it ill just order it off amazon or something,0
i used to be commander and cheif of my pimp ship flyn high eeekkk lol,1
do you need someone to walk the dogs cause am free,1
no luck on download so far though,0
amazon remembers doesnt always work,0
hey all you happy pax bacon lovers i just did my daily check of amazon gold box and it seems to be bacon salt and friends,1
just printed my mom an amazon gift card for happy mothers day talk about last minute,1
sigh well anyways so you do guitars n shitjust checked your link,1
conversation between steve jobs and amazon ceo jeff bezos about the release of a digital reading device hilarious,1
get a d rebel xsi entry level and its the new model of minei think its with a kit lens on amazon,1
lololol they suck boa boa kual a loja tb kero a amazon comprame sempre cabroes lol,1
all domains are bought can someone suggest a good name for a website very generic like amazon google etc to be won,0
so u saw the movie with out me,0
going to get the first copy of our book from amazon soon will be available in a few weeks to order online goody goody goo,1
glad to quotmeetquot you too its funny that i recognized your name from books that came in the library from amazon,1
googled the film that every talkin about and got quot seventeen is the natural number following and preceding it is primequot,0
morning all packing has been on the go for a while its going to be a busy one as amazon has gone crazy bring on the tea break,1
i decided to buy some mp downloads from this morning with a gift certificate it just charged me without asking,0
ooh id buy that srv album but theres no deals on amazon uk,0
hello tom i love you how are you you are enjoying the amazonia,1
i think the revision finally paid off just need to learn these bloody prime minstersnervous about it tomorrow though,0
its ok i have enough people primed to critique it,1
has a week off to do nothing and has ordered the sims so amazon best deliver quick eeek excited i think so,1
ahahaha jon i love your tags,1
no idea from play as to when it will despatch amazon estimate stock on may,0
why not amazon mps or itunes if you want a physical cd thoughfye in the mall we dont have many choices,0
urgh no still have primer doorwindow frames amp slap colour on the walls conked out just after pm lol im a nana,0
just ordered niptuck season amp scrubs season from amazon uk amp saved eur thanks to,1
order more stuff on amazon works for me,1
free time idea to develop a gwt app on google app engine using google vizualization api to graph amazon ec cloudwatch metrics,1
going to make a video its am right now oh amp the videos gonna be how to make your own eyeshadow baseprimer,1
to be honest the cancellation of primeval took me by surprise,0
happy b day sir,1
birthday is coming up prime rib yummy,1
bah humbug i will be in france take lots of pics,0
for what movie ps i ordered your album off of amazoncom cant wait till it gets here gonna wear it out,1
thats pretty pants i gave up with ebay and amazon a while ago after making so little for all the effort put in,0
primeval was no where near as good as i hoped,0
the apple evolution gt nice via,1
really frustraring that amazon doesnt let you buy kindle content on iphone app if outside the us,0
xnnhnet failed in tweetdeck based on amazon air too unicode still isnt here,1
yooo i hate u i dont have burgeers y loc la perdio por primedio,0
i highly recommend any of the quotjudicialquot shows,1
of course enjoy,1
rather than download it you can support an indie label get it on amazon or itunes la radiolina,1
i want sims so bad ordering as soon as i collect from amazon m,1
makin that money,1
really microsoft i cant put xbla games on my amazon wishlist,0
to make it more available to ppl were not worried about equivalent main thing is its prime and you gotta get creative,1
read the tipping point first then made to stick freakanomics reimagine then whatver u like but tip point first,1
just found out i cant be an amazon affiliate because of some new law in nc looks like ill be reading through the new bill later,0
my attention for the length of time to type this tell ya what ill add old mans war to my wish list on amazon,1
oh em geeei was beatcouldnt even make it to prime to watch the game and dine,0
yeah true i wasnt actually planning on watching it but you know its the prime minister he should know better,1
amazon kindle publishing doesnt seem to think that is a valid feed url,0
got for work last night very proud of myself ordered the sims apartment life of off amazon saw monsters vs aliens today its funny,1
im sooo mad lines vines and trying times didnt arrive from amazon it betta come tommorrow,0
how the fuck did i miss sabertooth that shit isnt replaying at all this week either im gonna have to buy it on amazon lol,0
yay parking angel prime street parking i parallel parked on the left,1
you shared the beer with someone right right,1
come to england i loved you guys when i lived in sa but cant get the new album here would love to see a gig too,0
our new album is now on itunes and amazon and its only bucks just search for today as tomorrow pretty please,1
so you decided on your nip did it hurt they take forever to heal be careful,1
this one,1
ah youre selling books on amazon too,1
because in america it came out right after exams and thus at a prime marketing opportunity nzs school year fails,0
im going to amazon to look up gails novels,1
i cryy i cryyy no more primeval for like a yeaaar what am i gonna do with my time honestly about had a heat attack when connor fell,0
why did i know youd say something its only quot i wanted quot but my bro said no its rare for a commander to have lift,1
at the four seasons for sushi and drinks i hope sues man vs wild amazon adventure is going well no updates yet,0
was channelsurfing and came across quotweakest linkquot on bbc prime omg thats a mean concept of a tv show but i think i like it,1
says omg my amazon package has shipped i cant wait for it to get here or maybe i canunsure,1
google preparing to challenge amazon for ebook market i think google does not know what to do completely lost,0
imagine some kid out there just saw that childhood ruined,0
hey love the idea of a round diet are you books on amazon yet,1
oside is better than inland you must have the prime sunspot,1
amazon s plugin not worked in my website it need php but my hosting provider has only php very sad,0
still high from primer fumes and joe said i have to put on a second coat,0
is devastated that itv has axed primeval,0
shopping online cheap buy from amazon today,1
download charices single note to god itunes amp amazon thnx,1
argh cant download not cancer again from amazon unbox wo buying it again,0
but why its the best thing on at the moment im so depressed,0
just discovered amazoncouk for music downloads screw you itunes,1
aw cool and the woman who plays morgana in merlin is in it too,1
it should be available on the website and thru amazon in november thanks,1
thank you added to my amazon wishlist,1
if you quit twitter youre not my favorite anymore,0
an f prime lens the easiest way to make a subject pop,1
aw sorry sen youre nice enough but im still trying to get the vamp smell out of my hair,0
is still posting duplicates,0
dood house of prime rib is gooood yum i agree w willie f the bartender just enjoy the food,1
book in my hands days from amazonca wow already taking notes need cn tower toronto and book photo for you,1
leaving work soon marketplace isnt working right so i cant get magic yet im a sad panda,0
aha found the first real bug in our messengertab primetime xml generating script small bug very very small bug,1
lol totally with u on that note have u seen hot shot yet i recommanded more jy hotness,1
stories like this were at the top of my consciousness years ago quot people killed in amazon violencequot more selfishfamily focused now,0
i enjoy that the amazon page lists one of the things in quottuff chixquot is hanging curtain rods you already tuff chix,1
thank you for the update i feel so disconnected after living away for so long so memorial day is primetime for those,1
that link you just posted on how ecommerce saved our business doesnt work,0
my phone always sucks and well get naked together so we can sell the dvds on amazon and start our own makeup company,1
ah context i was just stickin up for my peeps,1
damnit just realized i missed the primere of hawthrone jaddddddda,0
using i think the price will be more than amazon after converting from usd gt aud,0
fine here thanks the orders with amazon amp tried play game jl already all say same how are things with you today,0
just read the article online how sad prime example of hypocrisy,0
prime example as to why i shouldnt be allowed around childrens toys hehe,1
haha bad tin i never took leno granted hes hilarious im glad hes carrying over headlines amp jaywalking his primetime,1
i knoim a prime example,1
environmental protest action in present were president prime minister speaker well kind of,1
when you leave the bed with a sore belly button,0
loved the giganotosaurus primeval episode sure miss cutter tho,0
bout to watch prime evil with my pops amp eatin my usual gourmet cookin man i deserve a michelin star wish i had more people to cook for,0
i find applying with my finger and without a primer allows painterly to work its best for me u can try that,1
korres primer has broken me outits official ive given it attemptsi wanted to love you,0
angekommen morgen wieder mit facetoface fundraisern im einsatz save the amazonas,1
getting ready to launch our ecommerce site,1
lol true i ordered from amazon market just in time to take back to usa with me,1
amazon says its selling halo wars for not,0
thanks sorry i didnt get back online last night the rug rat commandeered the computer wish you were coming with,0
im friends with your cousin gandhi yay,1
yeah i went on amazon to check out some of the games uncharted still doesnt have the option for release date delivery,0
order btvs books isnt available till september im sure ill just forget amp it will be a nice surprise when they come,1
that would be a primetimescheduling,1
lol your a loser i havent even seen the first one never finshed it,0
yeah i saw the twin pack on the net on amazon or somewhere but i really just want a p eddie,1
house of prime rib never disappoints me,1
returned it to amazon now i need to get a new one,0
wondering why i keep receiving status change notes on almost all my amazon orders lately hope none gets cancelled again,0
thanks amazon back now that was scary,1
hey girls amazon tonight tim coming to town its going to be fun,1
that sounds amazingi had my vernors yesterday,1
very cute hahaha the amount of teenie comments on here you dont need another one soooorry xd,1
they are making a guitar hero greatest hits the demo is available on the marketplace,1
poor german fan amazonde will deliver peda not until july st,0
tavis i want to see you in prime time on msnbc cnn or fox who can i talk to,1
hey just watchin primeval on my ipod miss dougie,0
right things i really must do incidentally my amazon ranking last night this morning,1
hey travoooo show live gt,0
on the cloud now scaling my matrix on the ec,1
if only amazoncom couk would deliver in the netherlands,0
fianally its out im really diggin his new album i got it on amazon for only,1
watching primeval on scifi played infamous today im having a terrible time targeting other than that its visually stunning cubs won,1
sweetness i had seen this on amazoncouk before but never on amazoncom now i just need to finish the book already,0
you saw watw i want to see it had it ordered on amazon or at least to notify when it was available free internet in hotel room yea,0
my head feels like it has been run over by optimus prime,0
dude the beer can chicken is money gotta use that heineken keg can for the prime flavor,1
just bought it off amazon,1
practically stole a copy of the v for vendetta disc special edition on amazon including shipping not bad at all,1
what a weak ending but hurrah for more hominids no confirmation of sejust a blurb for buy our dvd set,0
bigger kindle how can amazon do this upgrading new kindle only months after launch what about existing recent proud owners,0
not getting laptop today however just bought it one amazon instead and daddy bought me books as well to compensate,1
my mum wasnt happy lol maybe ill end up like the bad prime brother from the transformers,0
aw i didnt see this until after they finished i missed a prime underwear throwing opportunity,0
ouch better get used to it i think to are prime marriage years,0
too nice out to have this class thats prime beach tanning time lol,0
sucky thing is i told all my friends to watch primeval i said it was like torchwood with dinosaurs silly me,0
who is this,1
looks like amazon mp changed the prices back to full price,0
yeah ive got sigs already prime and all great for price hard to stomach the recent price high tho,0
you have some prime kiddos dont you,1
yeah stasistime for me too i think good night,1
talking about marketplace updates got a clue whens vs gonna be up getting impatient already,1
wow lots of replies on quotsex greasequot lube ive ordered it thru amazon vendors but last bottles i got smelled bad like theyd spoiled,0
i wud luv to but i am crunching hard on our project right now it will all be over at the end of june hoist one me,0
just realised the worst thing about full time work i cant watch prime ministers questions today,0
no u shouldit matches ur chubby dog heheh they would have a food galore,1
lol so am i andrew so am i so can we be friends and learn to gether i am devasted that primeval is finished xxxx,0
thank you i could use some magic right now,1
i dont want to tell you too much but there ist much prime either i think its just a bit of a sell out from the first,0
i hate prime why did no one tell me dr who was on tonight some of us dont torrent grrr,0
our local restaurant sells chicken suprime never tried it think it might be substandard,1
primeval canceled why what instead another useless chuffing talent competition i would imagine itv are bloody useless tossers,0
hey comeaaaa logo meuarrumem isso logo show live gt,0
i miss having lunch datessummer time used to b prime season for taking a hr lunch break amp catching a matinee,0
i can not believe i spent so much on textbooks today it seems too much for short summer classes for the fall its ebayamazon lol,0
lol i love it spoken to anyone about monday,1
im good so whats happened,1
ah yeah i havent really done much torrenting or filesharing of music lately just swapping files with friends amazons nice,1
just had my first marketplace sale what a load of wank,0
exhausted got the desk together now just have the hutch filing cabnet and bookcase oyei broke our spa primer valves snapped off,0
hello there thanks for the follow,1
ecommerce does matt cutts hold too much power poll stems from smx chats the man himself voted,1
hey i totally forgot about our planprime and toast,0
in other nonprimeval news just been watching peregine chicks soar over worcs with the occasional controlled tumble breath taking,1
rhapsody wont let me download your album because im outside the usa its ok ill order amazon w some other cds hipping,0
yes finally can preorder halo odst on amazon,1
yawn when will ppl learn not ring me between am amp pm bc that is prime zzz time just been rudely awakened by the phone ringing,0
need to move my amazon uk wishlist to amazon us thatll take a good while not that anyone uses them but me anyway,1
next year at chiron beta prime,1
primeval has been cancelled,0
well my amazon wish list and reading list have everything hes written added to it now i wish those two actively blogged,0
i just received books from amazon on both toyota and lean soon ill be able to have some thoughts on the matter i hope,1
very very cool ill have to say quoti knew all yall before you got famousquot now to wait for amazon japan to offer it,1
mannn did a good job on our background but i can only see the whole thing on a large screen,0
amazon its no sugar added too the ovaltine one adds sugar link in the recipe,0
and the internet still functions your arm too life is good,1
me too ill see on amazon uk otherwise they make me pay custom tax if i order it from the us,0
ok thanks,1
trying to fly to primary amazon no flights in or out since midnight due to fog smells of fish waiting now,0
a plantronics one on amazon is prob your best bet great news about the job,1
noooooooo amazondotcom sucks knob,0
not having a mother anymore sure changes the flavor of mothers day especially all those handy email reminders from amazoncom,0
lenos gone if he can slide into prime time confirms that he was the wrong choice for late night to begin with,1
could you that would be so great youd be my first amazon review,1
no more amazon referrals for north carolina residents that kinda sucks,0
lols k im about to watch my last halloween movie so ill check back before bed,1
photo amazoncom casio mens gshock glide surfing watch casio watches new watch for my,1
lmao yay im taller dan you were cute atleast we aint hella tall like a danq amazon woman lmao,1
good news ubuntu amazon ec rc is released with landscape support infos here,1
good titlesgood prices check em out thank you,1
speaking of hats i wanted to give u this commander in chief hatbut got distracted amp forgot,0
i will be on every night for prime time updates at,1
amazon didnt help either really expected another quotpans labyrinthquot might be time for a stiffly worded letter,1
had to do primer again due to mixup at lowes looking for pic frames and furniture at target tmrw leftover sushi to look forward to,1
no mmm at breaking your laptop,0
thank you the very kind endorsements u folks r gr cheers,1
hey queria tanto estar ai meu show live gt,0
i will order off rstarnet or amazon then cant wait,0
why arent you following your bestie did you break up,0
wow amazon just launched monitoring auto scaling and load balancing for ec this is a big step forward watch out rightscale and co,1
sweet someone actually bought a book from me on amazon,1
primevals being cancelled apparently,0
youre killing me,0
just saw on amazoncom that the quotadobe air cookbookquot is nb in bestselling gt cross platform development category cool,1
glad i am not alone lol,1
we have great results from fedex with my company but we get a big costbreak too usps is good too,1
liiife is getting harder day by day and i dont know what to do whaaat to say not alone me deprime e,0
talking on im right now bro kicked me off other computer i was surfing amazon,0
oh my gosh after tweeting bout amazon before they are now following me hii amazon,1
im trying to get this as well it aint working,0
says good afternoon just had a transferee primer by touring cookie in upd,1
cool ew i bought the things they carried on amazon amp it came like shit gt i cost me amp its new gt,1
is wirting on his term paper in ecommerce,0
i cant feel all the pricklies,0
primeval finale was pretty good still missing cutter and jenny though,0
i know is it pronounced witwicky rest of the vid ok though or is everyone just going pick me up on that,0
is sad about jay lenos last nightguess i gotta make the switch to primetime,0
thanks am trying keeping my chin up ouch,1
oh jealous i preordered from amazon but not here yet,0
sunshine at last from,1
got a great outfit for glamazon tmrw nite,1
you wont always have these lovey dovey moments about your kids so enjoy them i know i tortured my parents sometimes,1
trying to look up and price these books recommended but amazoncom is trippin,0
i know you gonna say that in amazon also apple ipod classic gb silver th generation the black,1
no m prime yet i have no prime now even if i put my nikon mm ai lens on g it is still mm equivalent,0
someone is totally using amazons mechanical turk to break captchas,0
what a stupid way to leave primeval i mean ugh although it has now put me in the mood to watch jurassic park yay,1
sorry amazon man this is why i dont do editorials im too lazy to properly fact check ill stick with tech posts,0
dying to get my hands on the diagnosis murder dvd boxset but those pesky kids at amazon still wont deliver to zimbabwe,0
soulja boyturn my swagg on,1
still pissed off about itv cancelling primeval it was getting audience share they cant leave hannah stranded in the past forever,0
femcees,1
what i actually meant to say in the tweet about hamlet is that penelope wilton who played harriet jones former prime minister is in it,1
prodigy no longer p on amazon disappointed instead,0
i brought it off amazoncouk and it was only i think p somewhere around there,1
looks like amazon is the cheapest so far that seems wrong,0
i just bought the pack and so far only out of have worked out these dvds,0
always confuse with qualitative minded client who wants to run ecommerce website,0
too many great things and no btw i still havent been to ocean prime,0
lol i pre ordered season on amazon comes out in sept,1
thank you all for follow friday recommendations sweet you are,1
up groggy and wanting a day off spent quality time on my cell phone yes im back w last night i love that woman,1
amazoncouk says its not available yet fed is great for themers at all levels although htmlcssphp familiarity will help,0
amazon are made of fail for not sorting out me being ripped off by one of their marketplace sellers,0
minor probprimers gone bad since i painted my aptgotta take care of sum buisness amp go buy primerpaintbe morrow b i can primer now,0
just read the introductory part saving part amp for tomorrow cant absorb information at am looks awesome though,1
yep heres hoping,1
alice russell under the munka moon tocando pela primeira vez no meu itunes muito bom,1
any rich gay men following me,1
seedlings pots arranged on a tray transported to prime spot where they can stay all day enjoying sunnyrays served with little drinks,1
amazon prime is the awesome hahah my friend signed me up on his and man its sweet to not pay for shipping,1
went with a few breaks in the pro race hurt cos my needle in my stomach no primes,0
this is the best ecommerce site i hope youve watched the big bang theory please hit quotbuy nowquot,1
my son says he might join the marines he graduates hs in weeks i hope his commander in chief is up for this job,0
omg its optimus freaking prime,1
that sounds like my kind of diet does have a book out will go and check amazon thanks for the tip,1
if i chose amazoncan i still get it signed,1
amazon launches elastic load balancing auto scaling and cloudwatchlets party,1
primed wooden lettersnow have to paint them all going to be a long arse night,0
bummerbought quotfanboysquot on amazon and i received a perfectly packaged and labeled blank disc,0
i havent been on the zune marketplace in a week or so but i need too,0
so what are the chances of us getting the podcast on time this week,1
i could get a blackberry bold from amazon for only with contract extension but have to add month data plan i want new phone,0
amazon or deutsche post who lost my book,0
quotmy accountquot link in the sp marketplace going to an error page i wanted to relist one of my expiring classifieds,0
ive ordered machiavelli nietzsche and darwin from amazon for wonder what thats going to do to my recommendations profile,1
yayness bought some stuff off amazon im serious this time im gonna do it,1
same experience im finding i now buy most books from amazon australian bookshops are letting us down,0
why cant i buy the nokia n amazon says quotcannot ship to this addressquot,0
watching video of talking about which i helped build and wondering when it will be alive again,0
ive spent more than enough time in auto parts stores for the day everyone only has black tire covers i could use a primerhmmm,0
lucky i ordered mine on amazon and it still hasnt come yet,0
im pretty excited for the rd one coming out next year have you gone to see up yet,1
is the physio for ur ankle,0
i am so ready to upgrade my d its so old,0
i dont have the ronson book amazon says days delivery so wont have it for next weeks review,0
good health patience and a speedy recovery to you all,1
i hope so too french prime minister said we must prepare for the worst though and i fear hes right,0
want my amazon box to arrive probably royal mail playing football with it,0
also its not on amazon yet,1
thank you for supporting the lgbt community,1
best way to do it with your own garden party,1
do you happen to have this song in your collection i cannot buy it usa only,0
dang it amazon wont let me ship the books i want to oz,0
dissappointed w amazon because of a failed delivery,0
